match_type,keyword
phrase,ai content workflow automation
phrase,ai content production workflow
phrase,automate content approval workflow
phrase,ai content approval workflow
phrase,source to content automation
phrase,ai content operations
phrase,ai content automation pipeline
phrase,content workflow automation
phrase,ai content workflow consulting
phrase,human in the loop content
phrase,ai content for b2b
phrase,structured ai content workflow
exact,ai content workflow automation
exact,ai content production workflow
exact,ai content approval workflow
exact,ai content operations
exact,content workflow automation
